t,S,I,R,D,R0,beta, gamma, mu
0,99,1,0,0,1.6006984850594699,0.15,0.090909091,0.0028
1,98.8515,1.054790909,0.090909091,0.0028,1.6006984850594699,0.15,0.090909091,0.0028
2,98.69509850468849,1.1123489070340666,0.18679917373225371,0.0057534145452,1.6006984850594699,0.15,0.090909091,0.0028
3,98.53042342726152,1.1727867795080253,0.2879218017455642,0.008867991484895386,1.6006984850594699,0.15,0.090909091,0.0028
4,98.35709066029929,1.236218763425741,0.3945387818074562,0.012151794467517858,1.6006984850594699,0.15,0.090909091,0.0028
5,98.17470433881395,1.302760148313314,0.5069223058676344,0.015613207005109934,1.6006984850594699,0.15,0.090909091,0.0028
6,97.98285720023638,1.3725268176014216,0.625355046741823,0.01926093542038721,1.6006984850594699,0.15,0.090909091,0.0028
7,97.78113105147757,1.445634725909672,0.750130212103091,0.023104010509671192,1.6006984850594699,0.15,0.090909091,0.0028
8,97.56909735359746,1.5221993077067533,0.8815515509535735,0.027151787742218273,1.6006984850594699,0.15,0.090909091,0.0028
9,97.34631793492963,1.6023348129285524,1.0199333063380238,0.03141394580379718,1.6006984850594699,0.15,0.090909091,0.0028
10,97.1123458437233,1.686153565337686,1.1656001076590137,0.03590048327999713,1.6006984850594699,0.15,0.090909091,0.0028
11,96.86672635144926,1.7737651397175331,1.3188867955702719,0.040621713262942644,1.6006984850594699,0.15,0.090909091,0.0028
12,96.60899811784812,1.8652754544282528,1.4801381720694808,0.045588255654151734,1.6006984850594699,0.15,0.090909091,0.0028
13,96.33869452854893,1.9607857764283603,1.6497086680961652,0.050811026926550845,1.6006984850594699,0.15,0.090909091,0.0028
14,96.05534521562204,2.0603916366004125,1.8279619206769966,0.05630122710055025,1.6006984850594699,0.15,0.090909091,0.0028
15,95.7584777707225,2.164181654130135,2.0152702514643424,0.062070323683031406,1.6006984850594699,0.25,0.090909091,0.0028
16,95.24038091867543,2.479475010609789,2.212014038400189,0.06813003231459579,2.66783080843245,0.25,0.090909091,0.0028
17,94.6500155574534,2.837491022430363,2.4374208577719405,0.07507256234430319,2.66783080843245,0.25,0.090909091,0.0028
18,93.97859413391048,3.2430137415406737,2.695374587341745,0.08301753720710821,2.66783080843245,0.25,0.090909091,0.0028
19,93.21665945344311,3.7010485521877516,2.9901940186857168,0.0920979756834221,2.66783080843245,0.25,0.090909091,0.0028
20,92.35416099716825,4.2167251128902326,3.326652978311971,0.1024609116295478,2.66783080843245,0.25,0.090909091,0.0028
21,91.38058072227658,4.795159910456084,3.7099916253216945,0.11426774194564046,2.66783080843245,0.25,0.090909091,0.0028
22,90.28511947909243,5.441271077231745,4.145915253980898,0.1276941896949175,2.66783080843245,0.25,0.090909091,0.0028
23,89.05695495577743,6.159539034014762,4.640576261496626,0.14292974871116637,2.66783080843245,0.25,0.090909091,0.0028
24,87.68558048002592,6.953708705909735,5.2005343560579265,0.1601764580064077,2.66783080843245,0.25,0.090909091,0.0028
25,86.16123051910915,7.82643294491691,5.832689693590967,0.17964684238295497,2.66783080843245,0.25,0.090909091,0.0028
26,84.47539278633582,8.778862760649634,6.544183598385817,0.2015608546287223,2.66783080843245,0.25,0.090909091,0.0028
27,82.62139808652778,9.810198211143442,7.342262031970225,0.22614167035854127,2.66783080843245,0.25,0.090909091,0.0028
28,80.59506735725121,10.917224183523926,8.234098233875102,0.2536102253497429,2.66783080843245,0.25,0.090909091,0.0028
29,78.3953813111879,12.093867075105988,9.226573160642479,0.2841784530636099,2.66783080843245,0.25,0.090909091,0.0028
30,76.02512300898852,13.330820087022364,10.326015623115193,0.31804128087390665,2.66783080843245,0.25,0.090909091,0.0028
31,73.49142991667209,14.615294146699382,11.537908359510936,0.3553675771175693,2.66783080843245,0.25,0.090909091,0.0028
32,70.80618275293783,15.930955381248825,12.866571465084998,0.39629040072832755,2.66783080843245,0.25,0.090909091,0.0028
33,67.98615740755382,17.258105379094445,14.314840137555887,0.44089707579582427,2.66783080843245,0.25,0.090909091,0.0028
34,65.05287673540565,18.57414468378546,15.883758809951573,0.48921977085728874,2.66783080843245,0.25,0.090909091,0.0028
35,62.032122873955934,19.854332330815154,17.57231741925699,0.541227375971888,2.66783080843245,0.25,0.090909091,0.0028
36,58.95310691714223,21.07281685249626,19.377256723863308,0.5968195064981704,2.66783080843245,0.25,0.090909091,0.0028
37,55.84733685476581,22.203872402815776,21.292967348733224,0.65582339368516,2.66783080843245,0.25,0.090909091,0.0028
38,52.74726900086508,23.22323555716865,23.311501205553192,0.7179942364130442,2.66783080843245,0.25,0.090909091,0.0028
39,49.68486336835401,24.109412895538572,25.42270444013427,0.7830192959731164,2.66783080843245,0.25,0.090909091,0.0028
40,46.690181154338845,24.84482394256914,27.61446925101136,0.8505256520806244,2.66783080843245,0.25,0.090909091,0.0028
41,43.79015782777333,25.416661401421468,29.87308961168536,0.920091159119818,2.66783080843245,0.25,0.090909091,0.0028
42,41.007658792215025,25.817388200797776,32.18369519594337,0.9912578110437981,2.66783080843245,0.25,0.090909091,0.0028
43,38.360882176603845,26.044840836118073,34.530730489272024,1.0635464980060318,2.66783080843245,0.25,0.090909091,0.0028
44,35.86312450004703,26.101960152682583,36.8984432949232,1.1364720523471625,2.66783080843245,0.25,0.090909091,0.0028
45,33.522879883419726,25.99621381008378,39.27134876572179,1.2095575407746737,2.66783080843245,0.25,0.090909091,0.0028
46,31.344210000971888,25.73880212694702,41.63464093263815,1.2823469394429083,2.66783080843245,0.25,0.090909091,0.0028
47,29.327303953370663,25.343748423803174,43.97453203742777,1.35441558539836,2.66783080843245,0.25,0.090909091,0.0028
48,27.46914442001408,24.826968329832482,46.2785091691684,1.4253780809850087,2.66783080843245,0.25,0.090909091,0.0028
49,25.76420547360587,24.205394641766304,48.53550629231926,1.4948935923085398,2.66783080843245,0.25,0.090909091,0.0028
50,24.205123570805405,23.49621101539058,50.735996716498505,1.5626686973054855,2.66783080843245,0.25,0.090909091,0.0028
51,22.783301843122285,22.71622416687726,52.87201590185185,1.628458088148579,2.66783080843245,0.25,0.090909091,0.0028
52,21.4894253632973,21.881383929071944,54.937127191814895,1.6920635158158355,2.66783080843245,0.25,0.090909091,0.0028
53,20.31387944632369,21.006445248230214,56.92634391462883,1.753331390817237,2.66783080843245,0.25,0.090909091,0.0028
54,19.24707345540282,20.104756349798162,58.83602075728671,1.8121494375122815,2.66783080843245,0.25,0.090909091,0.0028
55,18.279679149733965,19.188152213150953,60.66372588182334,1.8684427552917164,2.66783080843245,0.25,0.090909091,0.0028
56,17.402795984902323,18.26693107611858,62.40810335749053,1.9221695814885391,2.66783080843245,0.25,0.090909091,0.0028
57,16.608056797932413,17.349892756585767,64.06873345698013,1.9733169885016713,2.66783080843245,0.25,0.090909091,0.0028
58,15.887686787083881,16.44442008826716,65.64599643642882,2.0218966882201115,2.66783080843245,0.25,0.090909091,0.0028
59,15.234527297689834,15.556587919167553,67.14094371867533,2.0679410644672593,2.66783080843245,0.25,0.090909091,0.0028
60,14.642034139406158,14.691287364484456,68.55517898546843,2.1114995106409284,2.66783080843245,0.25,0.090909091,0.0028
61,14.10425831154964,13.85235600779535,69.8907505653935,2.152635115261485,2.66783080843245,0.25,0.090909091,0.0028
62,13.615815293155908,13.04270733649019,71.15005565827057,2.191421712083312,2.66783080843245,0.25,0.090909091,0.0028
63,13.171847558115058,12.264454822849514,72.33575632640992,2.2279412926254847,2.66783080843245,0.25,0.090909091,0.0028
64,12.76798373484015,11.519027733064627,73.45070676596573,2.262281766129463,2.66783080843245,0.25,0.090909091,0.0028
65,12.400296837997796,10.807277011837705,74.49789110638243,2.294535043782044,2.66783080843245,0.25,0.090909091,0.0028
66,12.065263230604653,10.12957051426634,75.48037083571379,2.3247954194151896,2.66783080843245,0.25,0.090909091,0.0028
67,11.759723393935667,9.485877505823026,76.40124088338614,2.3531582168551353,2.66783080843245,0.25,0.090909091,0.0028
68,11.48084515489258,8.875842786458092,77.26359338477785,2.3797186738714395,2.66783080843245,0.25,0.090909091,0.0028
69,11.22608971326634,8.298851068706437,78.07048818435366,2.404571033673522,2.66783080843245,0.25,0.090909091,0.0028
70,10.993180596730504,7.754082395249415,78.82492919135414,2.4278078166659,2.66783080843245,0.25,0.090909091,0.0028
71,10.78007552639824,7.240559452783753,79.52984577344537,2.4495192473725984,2.66783080843245,0.25,0.090909091,0.0028
72,10.584941082012277,6.757187652517894,80.18807845162941,2.469792813840393,2.66783080843245,0.25,0.090909091,0.0028
73,10.40612999905727,6.302788822839025,80.80236823883624,2.488712939267443,2.66783080843245,0.25,0.090909091,0.0028
74,10.2421608994396,5.87612931110349,81.37534904148549,2.5063607479713923,2.66783080843245,0.25,0.090909091,0.0028
75,10.091700244764013,5.475943229437114,81.90954261575637,2.522813910042482,2.66783080843245,0.25,0.090909091,0.0028
76,9.953546300691952,5.100951511111019,82.4073556371121,2.538146551084906,2.66783080843245,0.25,0.090909091,0.0028
77,9.826614908083382,4.749877374378299,82.87107850222229,2.5524292153160166,2.66783080843245,0.25,0.090909091,0.0028
78,9.709926868536797,4.421458722810426,83.30288553668849,2.565728871964276,2.66783080843245,0.25,0.090909091,0.0028
79,9.602596766409938,4.114457947128699,83.7048363300732,2.578108956388145,2.66783080843245,0.25,0.090909091,0.0028
80,9.503823064963369,3.8276695343921117,84.0788779620044,2.5896294386401055,2.66783080843245,0.25,0.090909091,0.0028
81,9.412879329948336,3.559925836690867,84.42684792002437,2.6003469133364034,2.66783080843245,0.25,0.090909091,0.0028
82,9.329106449137495,3.310101303317993,84.75047754186535,2.610314705679138,2.66783080843245,0.25,0.090909091,0.0028
83,9.251905730597288,3.0771154376063543,85.05139584246791,2.6195829893284284,2.66783080843245,0.25,0.090909091,0.0028
84,9.18073277572004,2.8599347019234447,85.33113360980278,2.628198912553726,2.66783080843245,0.25,0.090909091,0.0028
85,9.115092035084121,2.657573561322762,85.591127673874,2.636206729719112,2.66783080843245,0.25,0.090909091,0.0028
86,9.054531966080463,2.469094827629231,85.83272527059948,2.6436479356908156,2.66783080843245,0.25,0.090909091,0.0028
87,8.99864072097033,2.2936094408494263,86.05718843697206,2.6505614012081775,2.66783080843245,0.25,0.090909091,0.0028
88,8.947042302689256,2.130275803319482,86.26569838634869,2.656983507642556,2.66783080843245,0.25,0.090909091,0.0028
89,8.89939313336752,1.9782987635328557,86.45935982320776,2.6629482798918502,2.66783080843245,0.25,0.090909091,0.0028
90,8.855378987287684,1.8369283307556024,86.63920516552696,2.6684875164297424,2.66783080843245,0.25,0.090909091,0.0028
91,8.814712245934368,1.7054581880016642,86.8061986503081,2.673630915755858,2.66783080843245,0.25,0.090909091,0.0028
92,8.7771294379976,1.5832240594022893,86.96124030391785,2.6784061986822625,2.66783080843245,0.25,0.090909091,0.0028
93,8.742389031750784,1.4696019781931855,87.10516976400744,2.6828392260485887,2.66783080843245,0.25,0.090909091,0.0028
94,8.710269451212795,1.3640064932228886,87.23876994397679,2.6869541115875295,2.66783080843245,0.25,0.090909091,0.0028
95,8.680567290989858,1.265888844847812,87.36277053439377,2.6907733297685534,2.66783080843245,0.25,0.090909091,0.0028
96,8.65309570773832,1.1747351351416206,87.47785133858594,2.6943178185341274,2.66783080843245,0.25,0.090909091,0.0028
97,8.627682968849262,1.0900645123507955,87.58464544188742,2.697607076912524,2.66783080843245,0.25,0.090909091,0.0028
98,8.604171141278872,1.011427385337434,87.68374221583659,2.7006592575471062,2.66783080843245,0.25,0.090909091,0.0028
99,8.582414905477824,0.9384036802460051,87.77569016005012,2.703491254226051,2.66783080843245,0.25,0.090909091,0.0028
100,8.562280481146077,0.8706011487108437,87.86099958561233,2.70611878453074,2.66783080843245,0.25,0.090909091,0.0028
101,8.5436446530899,0.8076537344977702,87.9401451446652,2.70855646774713,2.66783080843245,0.25,0.090909091,0.0028
102,8.526393886814176,0.7492200034709537,88.01356821151114,2.710817898203724,2.66783080843245,0.25,0.090909091,0.0028
103,8.510423524670493,0.6949816401303579,88.0816791209857,2.7129157142134424,2.66783080843245,0.25,0.090909091,0.0028
104,8.495637054422044,0.6446420126205017,88.14485927015164,2.7148616628058075,2.66783080843245,0.25,0.090909091,0.0028
105,8.481945442998905,0.5979248070205638,88.20346308953938,2.716666660441145,2.66783080843245,0.25,0.090909091,0.0028
106,8.469266529018494,0.5545727308487266,88.25781989023197,2.7183408499008026,2.66783080843245,0.25,0.090909091,0.0028
107,8.457524468350286,0.5143462850157136,88.30823559308682,2.719893653547179,2.66783080843245,0.25,0.090909091,0.0028
108,8.446649227623473,0.4770226029144778,88.35499434631683,2.721333823145223,2.66783080843245,0.25,0.090909091,0.0028
109,8.436576121122307,0.4423943549100744,88.39836003753423,2.7226694864333836,2.66783080843245,0.25,0.090909091,0.0028
110,8.427245386995423,0.41026871617480404,88.43857770620264,2.7239081906271316,2.66783080843245,0.25,0.090909091,0.0028
111,8.418601799130892,0.38046639558085776,88.47587486225582,2.725056943032421,2.66783080843245,0.25,0.090909091,0.0028
112,8.410594311425028,0.35282072320079383,88.51046271643412,2.7261222489400474,2.66783080843245,0.25,0.090909091,0.0028
113,8.403175731506265,0.32717679386244847,88.54253732766627,2.7271101469650096,2.66783080843245,0.25,0.090909091,0.0028
114,8.396302421271022,0.30339066414854643,88.5722806725926,2.7280262419878243,2.66783080843245,0.25,0.090909091,0.0028
115,8.389934021851069,0.2813286002132535,88.59986164208823,2.7288757358474403,2.66783080843245,0.25,0.090909091,0.0028
116,8.384033200865446,0.2608663738005894,88.62543696940591,2.7296634559280375,2.66783080843245,0.25,0.090909091,0.0028
117,8.378565420018111,0.24188860388660377,88.64915209432058,2.7303938817746793,2.66783080843245,0.25,0.090909091,0.0028
118,8.373498721288058,0.22428814142318296,88.67114196742317,2.7310711698655616,2.66783080843245,0.25,0.090909091,0.0028
119,8.368803530124541,0.20796549473185477,88.69153179848203,2.7316991766615466,2.66783080843245,0.25,0.090909091,0.0028
120,8.3644524742084,0.19282829317730749,88.71043775256747,2.7322814800467956,2.66783080843245,0.25,0.090909091,0.0028
121,8.36042021647349,0.1787907868394913,88.72796759741931,2.732821399267692,2.66783080843245,0.25,0.090909091,0.0028
122,8.356683301201459,0.16577337999761801,88.74422130533006,2.733322013470843,2.66783080843245,0.25,0.090909091,0.0028
123,8.353220012110434,0.1537021963370682,88.75929161261764,2.733786178934836,2.66783080843245,0.25,0.090909091,0.0028
124,8.350010241454564,0.14250867388948832,88.77326453957136,2.73421654508458,2.66783080843245,0.25,0.090909091,0.0028
125,8.34703536923838,0.13212918781587227,88.78621987357427,2.7346155693714707,2.66783080843245,0.25,0.090909091,0.0028
126,8.34427815172836,0.12250469924109816,88.79823161793318,2.734985531097355,2.66783080843245,0.25,0.090909091,0.0028
127,8.341722618514957,0.11358042844539033,88.80936840878442,2.73532854425523,2.66783080843245,0.25,0.090909091,0.0028
128,8.339353977442498,0.1053055508128411,88.81969390228979,2.7356465694548775,2.66783080843245,0.25,0.090909091,0.0028
129,8.337158526782453,0.09763291402896004,88.82926713419144,2.7359414249971534,2.66783080843245,0.25,0.090909091,0.0028
130,8.335123574078224,0.09051877510785296,88.83814285365749,2.7362147971564346,2.66783080843245,0.25,0.090909091,0.0028
131,8.33323736113748,0.083922555914808,88.84637183322097,2.7364682497267365,2.66783080843245,0.25,0.090909091,0.0028
132,8.331488994691501,0.07780661593161324,88.85400115649358,2.736703232883298,2.66783080843245,0.25,0.090909091,0.0028
133,8.32986838228063,0.07213604108974671,88.8610744852217,2.7369210914079063,2.66783080843245,0.25,0.090909091,0.0028
134,8.328366172960889,0.06687844757062884,88.86763230714551,2.7371230723229574,2.66783080843245,0.25,0.090909091,0.0028
135,8.326973702459771,0.06200379954241247,88.87371216602165,2.737310331976155,2.66783080843245,0.25,0.090909091,0.0028
136,8.325682942439165,0.057484239869352416,88.87934887507659,2.737483942614874,2.66783080843245,0.25,0.090909091,0.0028
137,8.324486453550817,0.05329393289271782,88.88457471506993,2.737644898486508,2.66783080843245,0.25,0.090909091,0.0028
138,8.323377341994762,0.04940891844158092,88.88941961806502,2.7377941214986072,2.66783080843245,0.25,0.090909091,0.0028
139,8.32234921931414,0.04580697628775004,88.89391133792783,2.7379324664702436,2.66783080843245,0.25,0.090909091,0.0028
140,8.32139616518077,0.04246750031173517,88.8980756085036,2.7380607260038494,2.66783080843245,0.25,0.090909091,0.0028
141,8.320512692945174,0.03937138169607747,88.90193629035399,2.7381796350047223,2.66783080843245,0.25,0.090909091,0.0028
142,8.319693717742322,0.03650090050877652,88.90551550687539,2.7382898748734714,2.66783080843245,0.25,0.090909091,0.0028
143,8.318934526960685,0.033839625083054645,88.90883377056133,2.738392077394896,2.66783080843245,0.25,0.090909091,0.0028
144,8.318230752896978,0.031372318640447865,88.91191010011741,2.7384868283451285,2.66783080843245,0.25,0.090909091,0.0028
145,8.317578347432717,0.02908485264235078,88.91476212908758,2.7385746708373215,2.66783080843245,0.25,0.090909091,0.0028
146,8.316973558581276,0.026964126390807863,88.91740620660316,2.73865610842472,2.66783080843245,0.25,0.090909091,0.0028
147,8.31641290876572,0.02499799243267263,88.91985749082296,2.738731607978614,2.66783080843245,0.25,0.090909091,0.0028
148,8.315893174698319,0.023175187352382765,88.92213003559185,2.7388016023574258,2.66783080843245,0.25,0.090909091,0.0028
149,8.315411368742504,0.021485267567651366,88.9242368708078,2.7388664928820123,2.66783080843245,0.25,0.090909091,0.0028
150,8.314964721647023,0.019918549769476282,88.92619007695227,2.7389266516312016,2.66783080843245,0.25,0.090909091,0.0028
151,8.314550666550424,0.018466055673139314,88.92800085420585,2.738982423570556,2.66783080843245,0.25,0.090909091,0.0028
152,8.31416682416166,0.01711946077041818,88.92967958654145,2.739034128526441,2.66783080843245,0.25,0.090909091,0.0028
153,8.313810989029697,0.015871046795174502,88.9312359011585,2.739082063016598,2.66783080843245,0.25,0.090909091,0.0028
154,8.313481116821565,0.014713657634913052,88.93267872359587,2.7391265019476245,2.66783080843245,0.25,0.090909091,0.0028
155,8.313175312534296,0.013640658439928208,88.93401632883675,2.7391677001890025,2.66783080843245,0.25,0.090909091,0.0028
156,8.312891819571822,0.012645897699354867,88.93525638869616,2.7392058940326343,2.66783080843245,0.25,0.090909091,0.0028
157,8.312629009622983,0.011723672069909603,88.9364060157609,2.7392413025461924,2.66783080843245,0.25,0.090909091,0.0028
158,8.312385373281614,0.010868693758425379,88.93747180413195,2.7392741288279883,2.66783080843245,0.25,0.090909091,0.0028
159,8.312159511354054,0.010076060273526494,88.93845986720189,2.739304561170512,2.66783080843245,0.25,0.090909091,0.0028
160,8.311950126803454,0.00934122637503204,88.93937587268222,2.739332774139278,2.66783080843245,0.25,0.090909091,0.0028
161,8.311756017284074,0.00865997806198368,88.9402250750808,2.739358929573128,2.66783080843245,0.25,0.090909091,0.0028
162,8.311576068222157,0.008028408451630852,88.9410123458145,2.7393831775117015,2.66783080843245,0.25,0.090909091,0.0028
163,8.311409246403276,0.007442895412333026,88.94174220112902,2.739405657055366,2.66783080843245,0.25,0.090909091,0.0028
164,8.3112545940289,0.006900080823210421,88.94241882798536,2.739426497162521,2.66783080843245,0.25,0.090909091,0.0028
165,8.311111223207797,0.006396851342543536,88.94304610806083,2.739445817388826,2.66783080843245,0.25,0.090909091,0.0028
166,8.310978310850333,0.005930320575437166,88.94362764000164,2.739463728572585,2.66783080843245,0.25,0.090909091,0.0028
167,8.310855093936135,0.005497812539171472,88.94416676005449,2.7394803334701963,2.66783080843245,0.25,0.090909091,0.0028
168,8.31074086512777,0.005096846332004009,88.94466656119491,2.739495727345306,2.66783080843245,0.25,0.090909091,0.0028
169,8.310634968705033,0.004725121918001885,88.94512991086192,2.7395099985150355,2.66783080843245,0.25,0.090909091,0.0028
170,8.310536796796425,0.004380506946809605,88.94555946740036,2.739523228856406,2.66783080843245,0.25,0.090909091,0.0028
171,8.310445785886,0.004061024533130101,88.94595769530501,2.739535494275857,2.66783080843245,0.25,0.090909091,0.0028
172,8.310361413575455,0.0037648419261461065,88.94632687935385,2.73954686514455,2.66783080843245,0.25,0.090909091,0.0028
173,8.310283195582777,0.003490260004166405,88.94666913771111,2.7395574067019433,2.66783080843245,0.25,0.090909091,0.0028
174,8.310210682960125,0.0032357035344744117,88.94698643407544,2.739567179429955,2.66783080843245,0.25,0.090909091,0.0028
175,8.310143459514927,0.0029997121427110304,88.9472805889425,2.7395762393998515,2.66783080843245,0.25,0.090909091,0.0028
176,8.310081139419319,0.002780931940163861,88.94755329004666,2.739584638593851,2.66783080843245,0.25,0.090909091,0.0028
177,8.310023364994153,0.0025781077610831506,88.94780610204147,2.7395924252032833,2.66783080843245,0.25,0.090909091,0.0028
178,8.309969804654823,0.002390075965622188,88.94804047547453,2.7395996439050143,2.66783080843245,0.25,0.090909091,0.0028
179,8.309920151007061,0.0022157577672256646,88.94825775510799,2.739606336117718,2.66783080843245,0.25,0.090909091,0.0028
180,8.309874119081762,0.002054153046281805,88.94845918763248,2.739612540239466,2.66783080843245,0.25,0.090909091,0.0028
181,8.309831444698672,0.0019043346146296817,88.94864592881869,2.7396182918679957,2.66783080843245,0.25,0.090909091,0.0028
182,8.309791882949517,0.0017654428980875935,88.94881905014746,2.7396236240049165,2.66783080843245,0.25,0.090909091,0.0028
183,8.309755206791856,0.0016366810065562474,88.94897954495654,2.739628567245031,2.66783080843245,0.25,0.090909091,0.0028
184,8.309721205745566,0.0015173101634651167,88.9491283341391,2.7396331499518496,2.66783080843245,0.25,0.090909091,0.0028
185,8.309689684684464,0.0014066454683843376,88.94926627142684,2.7396373984203075,2.66783080843245,0.25,0.090909091,0.0028
186,8.309660462716117,0.0013040519685293757,88.94939414828772,2.739641337027619,2.66783080843245,0.25,0.090909091,0.0028
187,8.309633372143406,0.0012089410166522664,88.9495126984668,2.7396449883731306,2.66783080843245,0.25,0.090909091,0.0028
188,8.309608257501864,0.0011207668944514834,88.9496226021957,2.7396483734079773,2.66783080843245,0.25,0.090909091,0.0028
189,8.309584974667262,0.0010390236821517138,88.9497244900953,2.739651511555282,2.66783080843245,0.25,0.090909091,0.0028
190,8.309563390028318,0.0009632423563136321,88.94981894679378,2.739654420821592,2.66783080843245,0.25,0.090909091,0.0028
191,8.309543379719768,0.0008929880992401544,88.94990651428081,2.73965711790019,2.66783080843245,0.25,0.090909091,0.0028
192,8.309524828911398,0.0008278578045570657,88.94998769501719,2.7396596182668675,2.66783080843245,0.25,0.090909091,0.0028
193,8.309507631148943,0.0007674777646692049,88.95006295481768,2.7396619362687202,2.66783080843245,0.25,0.090909091,0.0028
194,8.309491687743087,0.0007115015268349816,88.95013272552363,2.7396640852064613,2.66783080843245,0.25,0.090909091,0.0028
195,8.30947690720303,0.0006596079055677928,88.95019740748069,2.7396660774107366,2.66783080843245,0.25,0.090909091,0.0028
196,8.309463204711381,0.0006114991399684314,88.9502573718358,2.7396679243128723,2.66783080843245,0.25,0.090909091,0.0028
197,8.309450501637373,0.0005668991854229088,88.95031296266677,2.739669636510464,2.66783080843245,0.25,0.090909091,0.0028
198,8.309438725085572,0.0005255521298700132,88.9503644989564,2.739671223828183,2.66783080843245,0.25,0.090909091,0.0028
199,8.309427807477523,0.000487220725556763,88.95041227642281,2.739672695374147,2.66783080843245,0.25,0.090909091,0.0028
200,8.30941768616391,0.0004516850278617801,88.95045656921609,2.7396740595921782,2.66783080843245,0.25,0.090909091,0.0028
201,8.309408303065013,0.0004187411333802683,88.95049763149139,2.739675324310256,2.66783080843245,0.25,0.090909091,0.0028
202,8.309399604337386,0.00038820001003325575,88.95053569886718,2.7396764967854295,2.66783080843245,0.25,0.090909091,0.0028
203,8.309391540064862,0.0003598864124912837,88.95057098977722,2.7396775837454577,2.66783080843245,0.25,0.090909091,0.0028
204,8.309384063972084,0.0003336378766918229,88.95060370672384,2.7396785914274124,2.66783080843245,0.25,0.090909091,0.0028
205,8.309377133158945,0.00030930378768316335,88.95063403743993,2.739679525613467,2.66783080843245,0.25,0.090909091,0.0028
206,8.309370707854393,0.0002867445154479519,88.9506621559661,2.7396803916640726,2.66783080843245,0.25,0.090909091,0.0028
207,8.3093647511882,0.00026583061374934165,88.95068822364935,2.739681194548716,2.66783080843245,0.25,0.090909091,0.0028
208,8.309359228979371,0.0002464420774041075,88.9507123900688,2.7396819388744342,2.66783080843245,0.25,0.090909091,0.0028
209,8.309354109539996,0.00022846765372213363,88.95073479389404,2.739682628912251,2.66783080843245,0.25,0.090909091,0.0028
210,8.309349363493402,0.00021180420416231214,88.95075556368077,2.739683268621681,2.66783080843245,0.25,0.090909091,0.0028
211,8.309344963605579,0.0001963561125428868,88.95077481860844,2.739683861673453,2.66783080843245,0.25,0.090909091,0.0028
212,8.309340884628892,0.00018203473641127771,88.95079266916414,2.739684411470568,2.66783080843245,0.25,0.090909091,0.0028
213,8.309337103157198,0.00016875789842596447,88.95080921777657,2.7396849211678296,2.66783080843245,0.25,0.090909091,0.0028
214,8.30933359749153,0.00015644941483250127,88.95082455940371,2.7396853936899452,2.66783080843245,0.25,0.090909091,0.0028
215,8.309330347515584,0.00014503865832850464,88.95083878207781,2.739685831748307,2.66783080843245,0.25,0.090909091,0.0028
216,8.30932733458027,0.00013446015280971086,88.9508519674104,2.7396862378565503,2.66783080843245,0.25,0.090909091,0.0028
217,8.309324541396713,0.0001246531976720757,88.95086419106067,2.7396866143449783,2.66783080843245,0.25,0.090909091,0.0028
218,8.309321951937026,0.00011556151951443254,88.95087552316957,2.7396869633739316,2.66783080843245,0.25,0.090909091,0.0028
219,8.309319551342348,0.0001071329492434075,88.95088602876227,2.7396872869461864,2.66783080843245,0.25,0.090909091,0.0028
220,8.309317325837574,9.931912272801167E-05,88.9508957681213,2.739687586918444,2.66783080843245,0.25,0.090909091,0.0028
221,8.309315262652305,9.20752032864294E-05,88.95090479713247,2.739687865011988,2.66783080843245,0.25,0.090909091,0.0028
222,8.309313349947574,8.535962441276724E-05,88.9509131676055,2.739688122822557,2.66783080843245,0.25,0.090909091,0.0028
223,8.309311576747907,7.913385126764421E-05,88.95092092757137,2.7396883618295056,2.66783080843245,0.25,0.090909091,0.0028
224,8.30930993287834,7.336215956415129E-05,88.95092812155787,2.739688583404289,2.66783080843245,0.25,0.090909091,0.0028
225,8.309308408906038,6.801143058050724E-05,88.95093479084511,2.7396887888183357,2.66783080843245,0.25,0.090909091,0.0028
226,8.309306996086157,6.305096112325915E-05,88.95094097370244,2.7396889792503414,2.66783080843245,0.25,0.090909091,0.0028
227,8.309305686311676,5.845228735065083E-05,88.950946705608,2.7396891557930325,2.66783080843245,0.25,0.090909091,0.0028
228,8.309304472066867,5.418902144530226E-05,88.95095201945232,2.739689319459437,2.66783080843245,0.25,0.090909091,0.0028
229,8.309303346384171,5.0236700199064425E-05,88.950956945727,2.739689471188697,2.66783080843245,0.25,0.090909091,0.0028
230,8.309302302804218,4.657264464125904E-05,88.95096151269975,2.7396896118514578,2.66783080843245,0.25,0.090909091,0.0028
231,8.309301335338759,4.317582990487387E-05,88.95096574657654,2.7396897422548627,2.66783080843245,0.25,0.090909091,0.0028
232,8.309300438436306,4.002676458402484E-05,88.95096967165199,2.7396898631471864,2.66783080843245,0.25,0.090909091,0.0028
233,8.309299606950274,3.710737889045294E-05,88.95097331044877,2.7396899752221273,2.66783080843245,0.25,0.090909091,0.0028
234,8.309298836109452,3.44009209673095E-05,88.95097668384686,2.7396900791227883,2.66783080843245,0.25,0.090909091,0.0028
235,8.30929812149062,3.189186076528698E-05,88.95097981120331,2.739690175445367,2.66783080843245,0.25,0.090909091,0.0028
236,8.309297458993173,2.956580092954297E-05,88.95098271046338,2.739690264742577,2.66783080843245,0.25,0.090909091,0.0028
237,8.309296844815586,2.7409394186090915E-05,88.95098539826347,2.7396903475268197,2.66783080843245,0.25,0.090909091,0.0028
238,8.309296275433605,2.541026675362363E-05,88.95098789002658,2.7396904242731233,2.66783080843245,0.25,0.090909091,0.0028
239,8.309295747580018,2.355694734130819E-05,88.95099020005084,2.73969049542187,2.66783080843245,0.25,0.090909091,0.0028
240,8.309295258225912,2.183880132514208E-05,88.95099234159152,2.7396905613813227,2.66783080843245,0.25,0.090909091,0.0028
241,8.309294804563292,2.0245969725174272E-05,88.95099432693709,2.7396906225299666,2.66783080843245,0.25,0.090909091,0.0028
242,8.309294383988965,1.876931263344151E-05,88.9509961674798,2.7396906792186817,2.66783080843245,0.25,0.090909091,0.0028
243,8.309293994089604,1.7400356768007863E-05,88.95099787378095,2.739690731772757,2.66783080843245,0.25,0.090909091,0.0028
244,8.309293632627904,1.613124685217071E-05,88.95099945563156,2.739690780493756,2.66783080843245,0.25,0.090909091,0.0028
245,8.309293297529738,1.4954700539844907E-05,88.95100092210855,2.739690825661247,2.66783080843245,0.25,0.090909091,0.0028
246,8.309292986872256,1.3863966628484576E-05,88.95100228162678,2.7396908675344083,2.66783080843245,0.25,0.090909091,0.0028
247,8.309292698872854,1.2852786319765697E-05,88.95100354198739,2.739690906353515,2.66783080843245,0.25,0.090909091,0.0028
248,8.309292431878944,1.1915357305740723E-05,88.95100471042251,2.7396909423413165,2.66783080843245,0.25,0.090909091,0.0028
249,8.309292184358474,1.1046300474388864E-05,88.95100579363681,2.739690975704317,2.66783080843245,0.25,0.090909091,0.0028
250,8.30929195489113,1.0240629043515802E-05,88.95100679784595,2.7396910066339584,2.66783080843245,0.25,0.090909091,0.0028
251,8.309291742160188,9.493719945890512E-06,88.95100772881223,2.7396910353077195,2.66783080843245,0.25,0.090909091,0.0028
252,8.309291544944966,8.801287301424466E-06,88.95100859187768,2.7396910618901353,2.66783080843245,0.25,0.090909091,0.0028
253,8.309291362113811,8.159357824174031E-06,88.9510093919947,2.73969108653374,2.66783080843245,0.25,0.090909091,0.0028
254,8.309291192617607,7.564248023048957E-06,88.95101013375451,2.7396911093799416,2.66783080843245,0.25,0.090909091,0.0028
255,8.309291035483758,7.012543065402232E-06,88.95101082141342,2.739691130559836,2.66783080843245,0.25,0.090909091,0.0028
256,8.309290889810605,6.501077182218262E-06,88.95101145891734,2.7396911501949566,2.66783080843245,0.25,0.090909091,0.0028
257,8.309290754762252,6.026915502462152E-06,88.95101204992436,2.7396911683979726,2.66783080843245,0.25,0.090909091,0.0028
258,8.309290629563769,5.58733721235347E-06,88.95101259782577,2.739691185273336,2.66783080843245,0.25,0.090909091,0.0028
259,8.309290513496746,5.179819942930407E-06,88.95101310576551,2.73969120091788,2.66783080843245,0.25,0.090909091,0.0028
260,8.309290405895174,4.8020252963182584E-06,88.95101357665824,2.739691215421376,2.66783080843245,0.25,0.090909091,0.0028
261,8.309290306141618,4.451785427650177E-06,88.95101401320599,2.7396912288670467,2.66783080843245,0.25,0.090909091,0.0028
262,8.309290213663674,4.1270906056455225E-06,88.95101441791375,2.739691241332046,2.66783080843245,0.25,0.090909091,0.0028
263,8.30929012793069,3.826077680466825E-06,88.95101479310381,2.7396912528878996,2.66783080843245,0.25,0.090909091,0.0028
264,8.309290048450716,3.547019392682388E-06,88.95101514092906,2.739691263600917,2.66783080843245,0.25,0.090909091,0.0028
265,8.309289974767683,3.288314461987943E-06,88.95101546338536,2.7396912735325714,2.66783080843245,0.25,0.090909091,0.0028
266,8.309289906458787,3.048478398815099E-06,88.95101576232304,2.7396912827398516,2.66783080843245,0.25,0.090909091,0.0028
267,8.30928984313206,2.8261349861023305E-06,88.95101603945744,2.7396912912755913,2.66783080843245,0.25,0.090909091,0.0028
268,8.309289784424124,2.620008382349734E-06,88.95101629637881,2.7396912991887694,2.66783080843245,0.25,0.090909091,0.0028
269,8.3092897299981,2.4289158006437707E-06,88.95101653456139,2.7396913065247928,2.66783080843245,0.25,0.090909091,0.0028
270,8.309289679541688,2.251760721643204E-06,88.95101675537192,2.739691313325757,2.66783080843245,0.25,0.090909091,0.0028
271,8.309289632765358,2.0875266015813837E-06,88.95101696007744,2.739691319630687,2.66783080843245,0.25,0.090909091,0.0028
272,8.3092895894007,1.935271039180478E-06,88.95101714985259,2.7396913254757616,2.66783080843245,0.25,0.090909091,0.0028
273,8.309289549198882,1.7941203680065777E-06,88.95101732578632,2.7396913308945203,2.66783080843245,0.25,0.090909091,0.0028
274,8.309289511929217,1.6632646432358006E-06,88.95101748888817,2.7396913359180575,2.66783080843245,0.25,0.090909091,0.0028
275,8.309289477377849,1.5419529940647393E-06,88.95101764009405,2.7396913405751984,2.66783080843245,0.25,0.090909091,0.0028
276,8.309289445346515,1.4294893150966877E-06,88.9510177802716,2.739691344892667,2.66783080843245,0.25,0.090909091,0.0028
277,8.309289415651413,1.3252282719801859E-06,88.95101791022518,2.7396913488952372,2.66783080843245,0.25,0.090909091,0.0028
278,8.309289388122151,1.2285715983796394E-06,88.95101803070047,2.7396913526058766,2.66783080843245,0.25,0.090909091,0.0028
279,8.309289362600758,1.1389646630294768E-06,88.95101814238879,2.739691356045877,2.66783080843245,0.25,0.090909091,0.0028
280,8.30928933894079,1.0558932871730857E-06,88.95101824593104,2.739691359234978,2.66783080843245,0.25,0.090909091,0.0028
281,8.309289317006483,9.7888079412451E-07,88.95101834192134,2.739691362191479,2.66783080843245,0.25,0.090909091,0.0028
282,8.309289296671974,9.074852740228481E-07,88.95101843091051,2.7396913649323453,2.66783080843245,0.25,0.090909091,0.0028
283,8.30928927782058,8.412970480840948E-07,88.95101851340917,2.739691367473304,2.66783080843245,0.25,0.090909091,0.0028
284,8.30928926034413,7.799363177999191E-07,88.95101858989072,2.7396913698289356,2.66783080843245,0.25,0.090909091,0.0028
285,8.309289244142338,7.230509855941196E-07,88.95101866079402,2.739691372012757,2.66783080843245,0.25,0.090909091,0.0028
286,8.309289229122239,6.703146344313498E-07,88.95101872652593,2.7396913740373,2.66783080843245,0.25,0.090909091,0.0028
287,8.309289215197644,6.214246547847993E-07,88.95101878746362,2.7396913759141808,2.66783080843245,0.25,0.090909091,0.0028
288,8.309289202288651,5.761005082150801E-07,88.95101884395677,2.73969137765417,2.66783080843245,0.25,0.090909091,0.0028
289,8.309289190321188,5.340821175964684E-07,88.95101889632954,2.739691379267251,2.66783080843245,0.25,0.090909091,0.0028
290,8.309289179226582,4.951283747533686E-07,88.95101894488246,2.739691380762681,2.66783080843245,0.25,0.090909091,0.0028
291,8.30928916894117,4.590157569435886E-07,88.95101898989414,2.7396913821490405,2.66783080843245,0.25,0.090909091,0.0028
292,8.309289159405933,4.255370442495897E-07,88.95101903162285,2.7396913834342844,2.66783080843245,0.25,0.090909091,0.0028
293,8.309289150566158,3.945001305179058E-07,88.95101907030804,2.739691384625788,2.66783080843245,0.25,0.090909091,0.0028
294,8.309289142371119,3.657269210237149E-07,88.95101910617169,2.7396913857303886,2.66783080843245,0.25,0.090909091,0.0028
295,8.309289134773792,3.390523105351917E-07,88.95101913941959,2.739691386754424,2.66783080843245,0.25,0.090909091,0.0028
296,8.309289127730583,3.143232359136142E-07,88.95101917024252,2.7396913877037705,2.66783080843245,0.25,0.090909091,0.0028
297,8.309289121201077,2.9139779781289607E-07,88.95101919881736,2.7396913885838754,2.66783080843245,0.25,0.090909091,0.0028
298,8.309289115147806,2.7014444643871943E-07,88.95101922530807,2.7396913893997894,2.66783080843245,0.25,0.090909091,0.0028
299,8.309289109536035,2.5044122669502607E-07,88.95101924986666,2.7396913901561937,2.66783080843245,0.25,0.090909091,0.0028
300,8.309289104333564,2.321750783863998E-07,88.95101927263404,2.739691390857429,2.66783080843245,0.25,0.090909091,0.0028
301,8.30928909951054,2.152411874607913E-07,88.95101929374087,2.7396913915075194,2.66783080843245,0.25,0.090909091,0.0028
302,8.309289095039286,1.995423845699141E-07,88.95101931330825,2.7396913921101946,2.66783080843245,0.25,0.090909091,0.0028
303,8.309289090894149,1.8498858749615733E-07,88.95101933144846,2.7396913926689135,2.66783080843245,0.25,0.090909091,0.0028
304,8.30928908705134,1.7149628424657281E-07,88.9510193482656,2.7396913931868814,2.66783080843245,0.25,0.090909091,0.0028
305,8.30928908348881,1.5898805384784861E-07,88.95101936385618,2.739691393667071,2.66783080843245,0.25,0.090909091,0.0028
306,8.309289080186115,1.4739212209251531E-07,88.95101937830964,2.7396913941122376,2.66783080843245,0.25,0.090909091,0.0028
307,8.309289077124307,1.3664194968718667E-07,88.95101939170893,2.7396913945249355,2.66783080843245,0.25,0.090909091,0.0028
308,8.309289074285813,1.2667585043956444E-07,88.95101940413092,2.739691394907533,2.66783080843245,0.25,0.090909091,0.0028
309,8.309289071654348,1.1743663729330424E-07,88.95101941564691,2.7396913952622253,2.66783080843245,0.25,0.090909091,0.0028
310,8.309289069214811,1.0887129417963473E-07,88.95101942632297,2.739691395591048,2.66783080843245,0.25,0.090909091,0.0028
311,8.309289066953204,1.0093067180276284E-07,88.95101943622036,2.7396913958958877,2.66783080843245,0.25,0.090909091,0.0028
312,8.309289064856548,9.356920561343395E-08,88.95101944539589,2.7396913961784937,2.66783080843245,0.25,0.090909091,0.0028
313,8.309289062912814,8.674465435233451E-08,88.95101945390218,2.7396913964404876,2.66783080843245,0.25,0.090909091,0.0028
314,8.309289061110848,8.041785766305806E-08,88.95101946178805,2.7396913966833725,2.66783080843245,0.25,0.090909091,0.0028
315,8.30928905944031,7.455251138377956E-08,88.95101946909877,2.7396913969085426,2.66783080843245,0.25,0.090909091,0.0028
316,8.309289057891615,6.911495922822602E-08,88.95101947587627,2.73969139711729,2.66783080843245,0.25,0.090909091,0.0028
317,8.309289056455874,6.407399966057621E-08,88.95101948215944,2.739691397310812,2.66783080843245,0.25,0.090909091,0.0028
318,8.30928905512485,5.9400706856106764E-08,88.95101948798435,2.739691397490219,2.66783080843245,0.25,0.090909091,0.0028
319,8.309289053890906,5.506826472022885E-08,88.95101949338442,2.739691397656541,2.66783080843245,0.25,0.090909091,0.0028
320,8.30928905274696,5.1051813013490247E-08,88.95101949839062,2.7396913978107325,2.66783080843245,0.25,0.090909091,0.0028
321,8.30928905168645,4.7328304699583804E-08,88.9510195030317,2.7396913979536777,2.66783080843245,0.25,0.090909091,0.0028
322,8.309289050703288,4.387637369780261E-08,88.95101950733428,2.739691398086197,2.66783080843245,0.25,0.090909091,0.0028
323,8.309289049791834,4.067621228108451E-08,88.95101951132304,2.7396913982090507,2.66783080843245,0.25,0.090909091,0.0028
324,8.309289048946859,3.77094574161366E-08,88.95101951502087,2.739691398322944,2.66783080843245,0.25,0.090909091,0.0028
325,8.309289048163512,3.495908539344131E-08,88.951019518449,2.7396913984285307,2.66783080843245,0.25,0.090909091,0.0028
326,8.3092890474373,3.240931414251439E-08,88.9510195216271,2.739691398526416,2.66783080843245,0.25,0.090909091,0.0028
327,8.309289046764054,3.0045512671884295E-08,88.95101952457341,2.739691398617162,2.66783080843245,0.25,0.090909091,0.0028
328,8.309289046139911,2.7854117114145283E-08,88.95101952730482,2.7396913987012894,2.66783080843245,0.25,0.090909091,0.0028
329,8.309289045561291,2.582255289433735E-08,88.95101952983701,2.739691398779281,2.66783080843245,0.25,0.090909091,0.0028
330,8.309289045024874,2.3939162575042938E-08,88.95101953218452,2.739691398851584,2.66783080843245,0.25,0.090909091,0.0028
331,8.309289044527581,2.2193138964164127E-08,88.95101953436081,2.7396913989186134,2.66783080843245,0.25,0.090909091,0.0028
332,8.309289044066558,2.0574463101542142E-08,88.95101953637837,2.7396913989807543,2.66783080843245,0.25,0.090909091,0.0028
333,8.30928904363916,1.9073846768576577E-08,88.95101953824877,2.739691399038363,2.66783080843245,0.25,0.090909091,0.0028
334,8.309289043242934,1.7682679190955442E-08,88.95101953998275,2.7396913990917695,2.66783080843245,0.25,0.090909091,0.0028
335,8.309289042875609,1.6392977628667856E-08,88.95101954159027,2.739691399141281,2.66783080843245,0.25,0.090909091,0.0028
336,8.309289042535074,1.5197341569777044E-08,88.95101954308053,2.739691399187181,2.66783080843245,0.25,0.090909091,0.0028
337,8.309289042219376,1.4088910265110252E-08,88.95101954446211,2.739691399229734,2.66783080843245,0.25,0.090909091,0.0028
338,8.309289041926704,1.3061323360192933E-08,88.95101954574292,2.7396913992691827,2.66783080843245,0.25,0.090909091,0.0028
339,8.309289041655378,1.2108684398526968E-08,88.95101954693031,2.7396913993057543,2.66783080843245,0.25,0.090909091,0.0028
340,8.309289041403842,1.1225526986788983E-08,88.9510195480311,2.7396913993396588,2.66783080843245,0.25,0.090909091,0.0028
341,8.30928904117065,1.0406783427799291E-08,88.9510195490516,2.73969139937109,2.66783080843245,0.25,0.090909091,0.0028
342,8.309289040954468,9.647755641272477E-09,88.95101954999767,2.739691399400229,2.66783080843245,0.25,0.090909091,0.0028
343,8.309289040754052,8.944088205488291E-09,88.95101955087473,2.7396913994272425,2.66783080843245,0.25,0.090909091,0.0028
344,8.309289040568254,8.291743365191666E-09,88.95101955168784,2.739691399452286,2.66783080843245,0.25,0.090909091,0.0028
345,8.309289040396008,7.686977862313253E-09,88.95101955244164,2.739691399475503,2.66783080843245,0.25,0.090909091,0.0028
346,8.309289040236324,7.126321456561471E-09,88.95101955314045,2.7396913994970267,2.66783080843245,0.25,0.090909091,0.0028
347,8.309289040088288,6.606557012633818E-09,88.9510195537883,2.7396913995169805,2.66783080843245,0.25,0.090909091,0.0028
348,8.309289039951048,6.1247020397847185E-09,88.95101955438889,2.739691399535479,2.66783080843245,0.25,0.090909091,0.0028
349,8.309289039823819,5.677991577821019E-09,88.95101955494569,2.739691399552628,2.66783080843245,0.25,0.090909091,0.0028
350,8.309289039705869,5.263862331322256E-09,88.95101955546187,2.7396913995685264,2.66783080843245,0.25,0.090909091,0.0028
351,8.309289039596521,4.879937961045348E-09,88.9510195559404,2.7396913995832652,2.66783080843245,0.25,0.090909091,0.0028
352,8.30928903949515,4.524015448113458E-09,88.95101955638404,2.739691399596929,2.66783080843245,0.25,0.090909091,0.0028
353,8.309289039401172,4.194052452744578E-09,88.95101955679532,2.739691399609596,2.66783080843245,0.25,0.090909091,0.0028
354,8.309289039314049,3.888155594982224E-09,88.9510195571766,2.7396913996213397,2.66783080843245,0.25,0.090909091,0.0028
355,8.30928903923328,3.604569590181209E-09,88.95101955753006,2.7396913996322265,2.66783080843245,0.25,0.090909091,0.0028
356,8.3092890391584,3.341667176906201E-09,88.95101955785775,2.7396913996423193,2.66783080843245,0.25,0.090909091,0.0028
357,8.309289039088984,3.09793977944774E-09,88.95101955816153,2.739691399651676,2.66783080843245,0.25,0.090909091,0.0028
358,8.30928903902463,2.8719888513757587E-09,88.95101955844316,2.7396913996603502,2.66783080843245,0.25,0.090909091,0.0028
359,8.30928903896497,2.662517850458546E-09,88.95101955870426,2.739691399668392,2.66783080843245,0.25,0.090909091,0.0028
360,8.309289038909661,2.4683247988979612E-09,88.95101955894631,2.7396913996758467,2.66783080843245,0.25,0.090909091,0.0028
361,8.309289038858386,2.2882953861903547E-09,88.9510195591707,2.739691399682758,2.66783080843245,0.25,0.090909091,0.0028
362,8.309289038810851,2.121396575036317E-09,88.95101955937874,2.7396913996891654,2.66783080843245,0.25,0.090909091,0.0028
363,8.309289038766783,1.9666706736089506E-09,88.95101955957159,2.739691399695105,2.66783080843245,0.25,0.090909091,0.0028
364,8.309289038725929,1.8232298401664056E-09,88.95101955975038,2.739691399700612,2.66783080843245,0.25,0.090909091,0.0028
365,8.309289038688055,1.6902509884752684E-09,88.95101955991612,2.739691399705717,2.66783080843245,0.25,0.090909091,0.0028
366,8.309289038652944,1.5669710648113225E-09,88.95101956006978,2.7396913997104497,2.66783080843245,0.25,0.090909091,0.0028
367,8.309289038620392,1.452682669436359E-09,88.95101956021223,2.7396913997148373,2.66783080843245,0.25,0.090909091,0.0028
368,8.309289038590215,1.3467299974263776E-09,88.95101956034429,2.7396913997189047,2.66783080843245,0.25,0.090909091,0.0028
369,8.30928903856224,1.2485050755590086E-09,88.95101956046672,2.7396913997226755,2.66783080843245,0.25,0.090909091,0.0028
370,8.309289038536305,1.157444273666817E-09,88.95101956058022,2.7396913997261714,2.66783080843245,0.25,0.090909091,0.0028
371,8.309289038512262,1.0730250704380851E-09,88.95101956068544,2.7396913997294123,2.66783080843245,0.25,0.090909091,0.0028
372,8.309289038489972,9.947630551067212E-10,88.95101956078298,2.7396913997324166,2.66783080843245,0.25,0.090909091,0.0028
373,8.309289038469307,9.222091478265202E-10,88.95101956087342,2.739691399735202,2.66783080843245,0.25,0.090909091,0.0028
374,8.30928903845015,8.549470227798399E-10,88.95101956095726,2.7396913997377843,2.66783080843245,0.25,0.090909091,0.0028
375,8.30928903843239,7.925907192340851E-10,88.95101956103498,2.739691399740178,2.66783080843245,0.25,0.090909091,0.0028
376,8.309289038415924,7.347824268378604E-10,88.95101956110703,2.739691399742397,2.66783080843245,0.25,0.090909091,0.0028
377,8.30928903840066,6.811904324484716E-10,88.95101956117384,2.7396913997444545,2.66783080843245,0.25,0.090909091,0.0028
378,8.30928903838651,6.315072167093472E-10,88.95101956123577,2.739691399746362,2.66783080843245,0.25,0.090909091,0.0028
379,8.309289038373391,5.854476894552366E-10,88.95101956129318,2.7396913997481303,2.66783080843245,0.25,0.090909091,0.0028
380,8.30928903836123,5.427475538196646E-10,88.9510195613464,2.7396913997497694,2.66783080843245,0.25,0.090909091,0.0028
381,8.309289038349956,5.03161789657628E-10,88.95101956139574,2.739691399751289,2.66783080843245,0.25,0.090909091,0.0028
382,8.309289038339504,4.664632475811752E-10,88.95101956144148,2.7396913997526977,2.66783080843245,0.25,0.090909091,0.0028
383,8.309289038329814,4.3244134554022153E-10,88.95101956148389,2.7396913997540038,2.66783080843245,0.25,0.090909091,0.0028
384,8.30928903832083,4.0090086046937535E-10,88.9510195615232,2.739691399755215,2.66783080843245,0.25,0.090909091,0.0028
385,8.309289038312503,3.716608080670513E-10,88.95101956155965,2.7396913997563375,2.66783080843245,0.25,0.090909091,0.0028
386,8.309289038304783,3.4455340427886723E-10,88.95101956159344,2.739691399757378,2.66783080843245,0.25,0.090909091,0.0028
387,8.309289038297626,3.1942310252615156E-10,88.95101956162476,2.7396913997583425,2.66783080843245,0.25,0.090909091,0.0028
388,8.309289038290991,2.9612570115502503E-10,88.9510195616538,2.739691399759237,2.66783080843245,0.25,0.090909091,0.0028
389,8.30928903828484,2.745275159844592E-10,88.95101956168071,2.739691399760066,2.66783080843245,0.25,0.090909091,0.0028
390,8.309289038279138,2.545046132052606E-10,88.95101956170566,2.7396913997608348,2.66783080843245,0.25,0.090909091,0.0028
391,8.309289038273851,2.359420982282339E-10,88.9510195617288,2.7396913997615475,2.66783080843245,0.25,0.090909091,0.0028
392,8.30928903826895,2.1873345640082139E-10,88.95101956175024,2.7396913997622083,2.66783080843245,0.25,0.090909091,0.0028
393,8.309289038264406,2.0277994180914733E-10,88.95101956177012,2.7396913997628207,2.66783080843245,0.25,0.090909091,0.0028
394,8.309289038260195,1.8799001065831586E-10,88.95101956178856,2.7396913997633887,2.66783080843245,0.25,0.090909091,0.0028
395,8.30928903825629,1.7427879597960867E-10,88.95101956180565,2.739691399763915,2.66783080843245,0.25,0.090909091,0.0028
396,8.30928903825267,1.6156762065036976E-10,88.9510195618215,2.739691399764403,2.66783080843245,0.25,0.090909091,0.0028
397,8.309289038249315,1.497835459322075E-10,88.95101956183619,2.7396913997648555,2.66783080843245,0.25,0.090909091,0.0028
398,8.309289038246202,1.388589529369551E-10,88.9510195618498,2.7396913997652748,2.66783080843245,0.25,0.090909091,0.0028
399,8.309289038243318,1.2873115461877472E-10,88.95101956186242,2.739691399765664,2.66783080843245,0.25,0.090909091,0.0028
400,8.309289038240644,1.1934203606595435E-10,88.95101956187413,2.7396913997660244,2.66783080843245,0.25,0.090909091,0.0028
401,8.309289038238164,1.1063772102833493E-10,88.95101956188498,2.7396913997663583,2.66783080843245,0.25,0.090909091,0.0028
402,8.309289038235866,1.0256826276684906E-10,88.95101956189504,2.7396913997666683,2.66783080843245,0.25,0.090909091,0.0028
403,8.309289038233736,9.508735745121717E-11,88.95101956190436,2.7396913997669556,2.66783080843245,0.25,0.090909091,0.0028
404,8.30928903823176,8.815207846123157E-11,88.951019561913,2.739691399767222,2.66783080843245,0.25,0.090909091,0.0028
405,8.30928903822993,8.172263006700702E-11,88.95101956192102,2.739691399767469,2.66783080843245,0.25,0.090909091,0.0028
406,8.309289038228231,7.576211907477627E-11,88.95101956192845,2.7396913997676977,2.66783080843245,0.25,0.090909091,0.0028
407,8.309289038226657,7.023634312789768E-11,88.95101956193534,2.73969139976791,2.66783080843245,0.25,0.090909091,0.0028
408,8.309289038225199,6.511359444831271E-11,88.95101956194172,2.7396913997681067,2.66783080843245,0.25,0.090909091,0.0028
409,8.309289038223847,6.036447789229069E-11,88.95101956194765,2.7396913997682892,2.66783080843245,0.25,0.090909091,0.0028
410,8.309289038222593,5.596174227643583E-11,88.95101956195313,2.7396913997684584,2.66783080843245,0.25,0.090909091,0.0028
411,8.309289038221431,5.1880124006078323E-11,88.95101956195822,2.739691399768615,2.66783080843245,0.25,0.090909091,0.0028
412,8.309289038220353,4.8096202108764633E-11,88.95101956196294,2.7396913997687604,2.66783080843245,0.25,0.090909091,0.0028
413,8.309289038219354,4.458826384100599E-11,88.95101956196731,2.739691399768895,2.66783080843245,0.25,0.090909091,0.0028
414,8.309289038218429,4.133618009711541E-11,88.95101956197136,2.7396913997690198,2.66783080843245,0.25,0.090909091,0.0028
415,8.309289038217571,3.83212899052094E-11,88.95101956197512,2.7396913997691357,2.66783080843245,0.25,0.090909091,0.0028
416,8.309289038216775,3.5526293347594035E-11,88.9510195619786,2.739691399769243,2.66783080843245,0.25,0.090909091,0.0028
417,8.309289038216038,3.2935152291095744E-11,88.95101956198182,2.7396913997693426,2.66783080843245,0.25,0.090909091,0.0028
418,8.309289038215354,3.053299835771154E-11,88.95101956198482,2.739691399769435,2.66783080843245,0.25,0.090909091,0.0028
419,8.30928903821472,2.8306047607499846E-11,88.9510195619876,2.7396913997695207,2.66783080843245,0.25,0.090909091,0.0028
420,8.309289038214132,2.6241521444148766E-11,88.95101956199017,2.7396913997695997,2.66783080843245,0.25,0.090909091,0.0028
421,8.309289038213587,2.4327573289365394E-11,88.95101956199255,2.739691399769673,2.66783080843245,0.25,0.090909091,0.0028
422,8.309289038213082,2.2553220605332236E-11,88.95101956199477,2.739691399769741,2.66783080843245,0.25,0.090909091,0.0028
423,8.309289038212613,2.0908281875164803E-11,88.95101956199682,2.739691399769804,2.66783080843245,0.25,0.090909091,0.0028
424,8.309289038212178,1.938331817975425E-11,88.95101956199872,2.7396913997698626,2.66783080843245,0.25,0.090909091,0.0028
425,8.309289038211775,1.796957903575373E-11,88.95101956200048,2.739691399769917,2.66783080843245,0.25,0.090909091,0.0028
426,8.309289038211402,1.6658952183918265E-11,88.95101956200212,2.739691399769967,2.66783080843245,0.25,0.090909091,0.0028
427,8.309289038211055,1.5443917039675618E-11,88.95101956200364,2.7396913997700136,2.66783080843245,0.25,0.090909091,0.0028
428,8.309289038210734,1.431750153882025E-11,88.95101956200504,2.7396913997700567,2.66783080843245,0.25,0.090909091,0.0028
429,8.309289038210437,1.3273242130704014E-11,88.95101956200635,2.7396913997700967,2.66783080843245,0.25,0.090909091,0.0028
430,8.309289038210162,1.2305146689358267E-11,88.95101956200756,2.739691399770134,2.66783080843245,0.25,0.090909091,0.0028
431,8.309289038209906,1.1407660129725476E-11,88.95101956200868,2.7396913997701686,2.66783080843245,0.25,0.090909091,0.0028
432,8.30928903820967,1.057563253170084E-11,88.95101956200972,2.7396913997702006,2.66783080843245,0.25,0.090909091,0.0028
433,8.30928903820945,9.804289589074615E-12,88.95101956201069,2.7396913997702304,2.66783080843245,0.25,0.090909091,0.0028
434,8.309289038209245,9.089205213806492E-12,88.95101956201158,2.739691399770258,2.66783080843245,0.25,0.090909091,0.0028
435,8.309289038209057,8.426276138431017E-12,88.9510195620124,2.739691399770283,2.66783080843245,0.25,0.090909091,0.0028
436,8.309289038208881,7.811698370858626E-12,88.95101956201317,2.7396913997703067,2.66783080843245,0.25,0.090909091,0.0028
437,8.30928903820872,7.241945366466207E-12,88.95101956201388,2.7396913997703285,2.66783080843245,0.25,0.090909091,0.0028
438,8.309289038208568,6.713747792225207E-12,88.95101956201454,2.739691399770349,2.66783080843245,0.25,0.090909091,0.0028
439,8.309289038208428,6.224074766750611E-12,88.95101956201515,2.7396913997703676,2.66783080843245,0.25,0.090909091,0.0028
440,8.309289038208298,5.77011646862325E-12,88.95101956201572,2.739691399770385,2.66783080843245,0.25,0.090909091,0.0028
441,8.30928903820818,5.349268013189226E-12,88.95101956201624,2.739691399770401,2.66783080843245,0.25,0.090909091,0.0028
442,8.309289038208068,4.959114505318965E-12,88.95101956201673,2.739691399770416,2.66783080843245,0.25,0.090909091,0.0028
443,8.309289038207964,4.597417182356274E-12,88.95101956201718,2.7396913997704297,2.66783080843245,0.25,0.090909091,0.0028
444,8.309289038207869,4.262100567743441E-12,88.95101956201759,2.7396913997704426,2.66783080843245,0.25,0.090909091,0.0028
445,8.30928903820778,3.9512405616078445E-12,88.95101956201798,2.7396913997704546,2.66783080843245,0.25,0.090909091,0.0028
446,8.309289038207698,3.663053399971969E-12,88.95101956201833,2.7396913997704657,2.66783080843245,0.25,0.090909091,0.0028
447,8.309289038207622,3.395885419233028E-12,88.95101956201866,2.739691399770476,2.66783080843245,0.25,0.090909091,0.0028
448,8.30928903820755,3.1482035671791522E-12,88.95101956201897,2.7396913997704853,2.66783080843245,0.25,0.090909091,0.0028
449,8.309289038207485,2.9185866060928553E-12,88.95101956201925,2.739691399770494,2.66783080843245,0.25,0.090909091,0.0028
450,8.309289038207424,2.7057169574637853E-12,88.95101956201952,2.739691399770502,2.66783080843245,0.25,0.090909091,0.0028
451,8.309289038207368,2.5083731415144327E-12,88.95101956201977,2.7396913997705097,2.66783080843245,0.25,0.090909091,0.0028
452,8.309289038207316,2.3254227681556E-12,88.95101956202,2.739691399770517,2.66783080843245,0.25,0.090909091,0.0028
453,8.309289038207268,2.1558160391526173E-12,88.9510195620202,2.7396913997705235,2.66783080843245,0.25,0.090909091,0.0028
454,8.309289038207224,1.998579724216711E-12,88.9510195620204,2.7396913997705297,2.66783080843245,0.25,0.090909091,0.0028
455,8.309289038207183,1.852811576455375E-12,88.95101956202059,2.7396913997705354,2.66783080843245,0.25,0.090909091,0.0028
456,8.309289038207144,1.717675155136725E-12,88.95101956202076,2.7396913997705408,2.66783080843245,0.25,0.090909091,0.0028
457,8.309289038207108,1.5923950260600244E-12,88.95101956202092,2.7396913997705457,2.66783080843245,0.25,0.090909091,0.0028
458,8.309289038207075,1.4762523119913585E-12,88.95101956202106,2.73969139977055,2.66783080843245,0.25,0.090909091,0.0028
459,8.309289038207044,1.3685805676321439E-12,88.95101956202119,2.739691399770554,2.66783080843245,0.25,0.090909091,0.0028
460,8.309289038207016,1.268761955450394E-12,88.95101956202132,2.739691399770558,2.66783080843245,0.25,0.090909091,0.0028
461,8.30928903820699,1.1762237004310503E-12,88.95101956202143,2.7396913997705616,2.66783080843245,0.25,0.090909091,0.0028
462,8.309289038206964,1.0904348034021777E-12,88.95101956202154,2.7396913997705648,2.66783080843245,0.25,0.090909091,0.0028
463,8.309289038206941,1.0109029940775685E-12,88.95101956202164,2.739691399770568,2.66783080843245,0.25,0.090909091,0.0028
464,8.30928903820692,9.371719063318295E-13,88.95101956202173,2.7396913997705705,2.66783080843245,0.25,0.090909091,0.0028
465,8.3092890382069,8.68818459499233E-13,88.95101956202181,2.739691399770573,2.66783080843245,0.25,0.090909091,0.0028
466,8.309289038206883,8.054504306698116E-13,88.9510195620219,2.7396913997705754,2.66783080843245,0.25,0.090909091,0.0028
467,8.309289038206867,7.467042040521442E-13,88.95101956202197,2.7396913997705776,2.66783080843245,0.25,0.090909091,0.0028
468,8.30928903820685,6.92242684488323E-13,88.95101956202204,2.73969139977058,2.66783080843245,0.25,0.090909091,0.0028
469,8.309289038206837,6.417533631485167E-13,88.9510195620221,2.7396913997705816,2.66783080843245,0.25,0.090909091,0.0028
470,8.309289038206822,5.949465243057821E-13,88.95101956202215,2.7396913997705834,2.66783080843245,0.25,0.090909091,0.0028
471,8.30928903820681,5.515535829013111E-13,88.95101956202221,2.739691399770585,2.66783080843245,0.25,0.090909091,0.0028
472,8.3092890382068,5.113255433608E-13,88.95101956202227,2.7396913997705865,2.66783080843245,0.25,0.090909091,0.0028
473,8.309289038206789,4.740315708183859E-13,88.95101956202231,2.739691399770588,2.66783080843245,0.25,0.090909091,0.0028
474,8.309289038206778,4.394576665496057E-13,88.95101956202235,2.739691399770589,2.66783080843245,0.25,0.090909091,0.0028
475,8.309289038206769,4.0740544001280246E-13,88.9510195620224,2.7396913997705905,2.66783080843245,0.25,0.090909091,0.0028
476,8.30928903820676,3.776909704527582E-13,88.95101956202244,2.739691399770592,2.66783080843245,0.25,0.090909091,0.0028
477,8.309289038206753,3.501437515342543E-13,88.95101956202247,2.7396913997705927,2.66783080843245,0.25,0.090909091,0.0028
478,8.309289038206746,3.246057129496999E-13,88.9510195620225,2.7396913997705936,2.66783080843245,0.25,0.090909091,0.0028
479,8.309289038206739,3.009303133866572E-13,88.95101956202252,2.7396913997705945,2.66783080843245,0.25,0.090909091,0.0028
480,8.309289038206732,2.7898169965056805E-13,88.95101956202255,2.7396913997705954,2.66783080843245,0.25,0.090909091,0.0028
481,8.309289038206726,2.5863392711759517E-13,88.95101956202258,2.7396913997705963,2.66783080843245,0.25,0.090909091,0.0028
482,8.309289038206721,2.3977023704441153E-13,88.95101956202261,2.739691399770597,2.66783080843245,0.25,0.090909091,0.0028
483,8.309289038206716,2.2228238658802858E-13,88.95101956202264,2.739691399770598,2.66783080843245,0.25,0.090909091,0.0028
484,8.30928903820671,2.0607002769120967E-13,88.95101956202265,2.7396913997705985,2.66783080843245,0.25,0.090909091,0.0028
485,8.309289038206707,1.9104013126941538E-13,88.95101956202267,2.739691399770599,2.66783080843245,0.25,0.090909091,0.0028
486,8.309289038206703,1.771064533951741E-13,88.95101956202268,2.7396913997705994,2.66783080843245,0.25,0.090909091,0.0028
487,8.3092890382067,1.6418904041675893E-13,88.9510195620227,2.7396913997706,2.66783080843245,0.25,0.090909091,0.0028
488,8.309289038206696,1.522137701714638E-13,88.95101956202271,2.7396913997706003,2.66783080843245,0.25,0.090909091,0.0028
489,8.309289038206693,1.4111192666088766E-13,88.95101956202272,2.7396913997706007,2.66783080843245,0.25,0.090909091,0.0028
490,8.309289038206689,1.3081980574764606E-13,88.95101956202274,2.739691399770601,2.66783080843245,0.25,0.090909091,0.0028
491,8.309289038206686,1.212783496109357E-13,88.95101956202275,2.7396913997706016,2.66783080843245,0.25,0.090909091,0.0028
492,8.309289038206684,1.1243280786339956E-13,88.95101956202276,2.739691399770602,2.66783080843245,0.25,0.090909091,0.0028
493,8.309289038206682,1.042324233847281E-13,88.95101956202278,2.7396913997706025,2.66783080843245,0.25,0.090909091,0.0028
494,8.30928903820668,9.663014106925918E-14,88.9510195620228,2.739691399770603,2.66783080843245,0.25,0.090909091,0.0028
495,8.309289038206678,8.958233781632504E-14,88.95101956202281,2.7396913997706034,2.66783080843245,0.25,0.090909091,0.0028
496,8.309289038206677,8.304857221398758E-14,88.95101956202282,2.739691399770604,2.66783080843245,0.25,0.090909091,0.0028
497,8.309289038206675,7.699135247980795E-14,88.95101956202284,2.7396913997706043,2.66783080843245,0.25,0.090909091,0.0028
498,8.309289038206673,7.13759213270575E-14,88.95101956202284,2.7396913997706043,2.66783080843245,0.25,0.090909091,0.0028
499,8.309289038206671,6.617005652189847E-14,88.95101956202284,2.7396913997706043,2.66783080843245,0.25,0.090909091,0.0028
